row_type,ts_utc,run_date,match_key,match_link,league_slug,match_date,tournament,player_a,player_b,model_id_a,model_id_b,best_of,market,line,book_side,model_selection,bookmaker,decimal_odds,market_p_devig,model_p,edge_raw,edge_devig,kelly_full,stake_flat,stake_kelly,bankroll_kelly,result,pnl_flat,pnl_kelly,note,model_pmf_start,model_pmf,model_median,outcome_value,open_decimal_odds,hours_to_start
pick,2026-08-15T07:39:29+00:00,2026-08-15,pointsbet:2847376,pointsbet:2847376,atp-cincinnati,2026-08-15,ATP Cincinnati,Struff J.,Tabilo A.,SL28,TE30,3,games_handicap,2.5,home,A -2.5,pointsbet,1.95,0.4715447154471546,0.5352827062228901,0.022462193402377206,0.0637379907757355,0.046106607510142804,1.0,0.5763,25.0,,,,"as_of 2026-08-15, book pointsbet",-12,"0.000106446,0.000450837,0.00371347,0.0047531,0.0271622,0.0205628,0.0994366,0.0514117,0.178291,0.0788289,0.0830329,0.0352137,0.0375963,0.0407883,0.0409316,0.0902568,0.0461435,0.0934028,0.020814,0.0346949,0.00544009,0.00581589,0.000754234,0.000375177,2.23565e-05",-2.0,,,
pick,2026-08-15T07:39:29+00:00,2026-08-15,pointsbet:2847398,pointsbet:2847398,atp-cincinnati,2026-08-15,ATP Cincinnati,Djokovic N.,Tirante T.,D643,T0A1,3,games_handicap,-4.5,home,A +4.5,pointsbet,2.25,0.41406249999999994,0.4650396125760323,0.020595168131587904,0.05097711257603238,0.037071302636858226,1.0,0.4634,25.0,,,,"as_of 2026-08-15, book pointsbet",-12,"9.56752e-06,4.5395e-05,0.000489534,0.000698899,0.00519736,0.00445798,0.0274928,0.0161854,0.0695508,0.034916,0.0451749,0.0226293,0.0284601,0.0370273,0.0442722,0.118912,0.0794405,0.19414,0.0646084,0.12476,0.031025,0.0377411,0.00781327,0.00451903,0.000432466",4.0,,,
pick,2026-08-15T07:39:29+00:00,2026-08-15,pointsbet:2847400,pointsbet:2847400,atp-cincinnati,2026-08-15,ATP Cincinnati,Blockx A.,Navone M.,B0PG,N0BS,3,total_games,21.5,under,under 21.5,pointsbet,2.35,0.3943298969072165,0.4724505144301597,0.04691859953654265,0.07812061752294319,0.08167311771175939,1.0,1.0,25.0,,,,"as_of 2026-08-15, book pointsbet",11,"0.02,0,0,0,0.0352089,0.0444494,0.0853282,0.0703083,0.0853694,0.0726484,0.0591379,0.0726879,0.0509072,0.0151248,0.0473554,0.0385387,0.0347649,0.0366536,0.0414386,0.0379323,0.0416346,0.0350944,0.0232053,0.0168335,0.0153782",22.0,,,
pick,2026-08-15T07:39:29+00:00,2026-08-15,pointsbet:2847445,pointsbet:2847445,atp-cincinnati,2026-08-15,ATP Cincinnati,Atmane T.,Etcheverry T.,A0GC,EA24,3,games_handicap,-3.5,away,B -3.5,pointsbet,1.5,0.6153846153846154,0.7311774799167262,0.06451081325005958,0.1157928645321108,0.19353243975017864,1.0,1.0,25.0,,,,"as_of 2026-08-15, book pointsbet",-12,"9.15461e-06,4.35759e-05,0.000564614,0.000786478,0.00712826,0.0058132,0.0455113,0.0268777,0.14089,0.0778679,0.0910215,0.039557,0.0438489,0.0520266,0.0661094,0.133122,0.0668723,0.126065,0.0238583,0.0401255,0.0052002,0.00574941,0.000626124,0.000310446,1.56974e-05",1.0,,,
pick,2026-08-15T07:39:29+00:00,2026-08-15,pointsbet:2847525,pointsbet:2847525,atp-cincinnati,2026-08-15,ATP Cincinnati,Darderi L.,Hijikata R.,D0FJ,H0BH,3,total_games,21.5,under,under 21.5,pointsbet,2.25,0.41406249999999994,0.47096565967455767,0.02652121523011325,0.056903159674557724,0.04773818741420381,1.0,0.5967,25.0,,,,"as_of 2026-08-15, book pointsbet",11,"0.02,0,0,0,0.0337093,0.0483944,0.0797895,0.0759593,0.079579,0.0762417,0.0572924,0.072459,0.0491649,0.0166716,0.0478454,0.0397446,0.0352688,0.0386628,0.0415451,0.0394482,0.040639,0.0350186,0.0225513,0.016679,0.013336",22.0,,,
pick,2026-08-15T07:39:29+00:00,2026-08-15,pointsbet:2847552,pointsbet:2847552,atp-cincinnati,2026-08-15,ATP Cincinnati,Bellucci M.,Mensik J.,B0GG,M0NI,3,total_games,21.5,over,over 21.5,pointsbet,1.74,0.5347593582887701,0.622831950616793,0.04811930693863209,0.08807259232802289,0.11314539739624295,1.0,1.0,25.0,,,,"as_of 2026-08-15, book pointsbet",11,"0.02,0,0,0,0,0.0254899,0.0308349,0.0879936,0.0567094,0.107247,0.0488937,0.115609,0.0852968,0.00776225,0.0335251,0.064169,0.0140464,0.0276557,0.0224612,0.0332364,0.0369615,0.0511941,0.0259876,0.0235922,0.0345571,0.0260441,0.000733158",23.0,,,
pick,2026-08-15T07:39:29+00:00,2026-08-15,pointsbet:2847552,pointsbet:2847552,atp-cincinnati,2026-08-15,ATP Cincinnati,Bellucci M.,Mensik J.,B0GG,M0NI,3,games_handicap,4.5,home,A -4.5,pointsbet,1.65,0.5657894736842105,0.7597971975751866,0.15373659151458052,0.1940077238909761,0.3902544246139351,1.0,1.0,25.0,,,,"as_of 2026-08-15, book pointsbet",-12,"0.000107323,0.00045503,0.00398216,0.00502943,0.0306165,0.0224662,0.117707,0.0598393,0.221311,0.0993636,0.0953929,0.0363164,0.0365413,0.0370668,0.0383296,0.0739167,0.0332564,0.0593206,0.00980562,0.0154327,0.00171524,0.0017815,0.000165598,7.76315e-05,3.31814e-06",-3.0,,,
pick,2026-08-15T07:39:29+00:00,2026-08-15,pointsbet:2848117,pointsbet:2848117,atp-cincinnati,2026-08-15,ATP Cincinnati,Paul T.,Hurkacz H.,PL56,HB71,3,games_handicap,-2.5,home,A +2.5,pointsbet,2.05,0.45187165775401067,0.5129728896487438,0.025168011599963236,0.0611012318947331,0.04913754645707108,1.0,0.6142,25.0,,,,"as_of 2026-08-15, book pointsbet",-12,"9.79483e-06,4.64853e-05,0.000560211,0.000785498,0.00658207,0.00544087,0.0387287,0.0225728,0.10937,0.0572264,0.070066,0.0323368,0.0382107,0.0472286,0.0578625,0.134892,0.0756498,0.162972,0.0393133,0.0707698,0.0122007,0.0140275,0.00201648,0.00106128,7.05261e-05",3.0,,,
pick,2026-08-15T07:39:29+00:00,2026-08-15,pointsbet:2848140,pointsbet:2848140,atp-cincinnati,2026-08-15,ATP Cincinnati,Halys Q.,De Minaur A.,HB64,DH58,3,total_games,21.5,over,over 21.5,pointsbet,1.67,0.557029177718833,0.6318093247644141,0.0330069295548332,0.07478014704558111,0.0822710035172709,1.0,1.0,25.0,,,,"as_of 2026-08-15, book pointsbet",11,"0.02,0,0,0,0,0.0225262,0.030977,0.0839932,0.0581821,0.103426,0.0490863,0.115239,0.0862097,0.00774151,0.0340347,0.065415,0.0144564,0.0277461,0.0231315,0.0333439,0.0381161,0.0518459,0.0268115,0.0240037,0.0356447,0.0266873,0.0013818",23.0,,,
pick,2026-08-15T07:39:29+00:00,2026-08-15,pointsbet:2848140,pointsbet:2848140,atp-cincinnati,2026-08-15,ATP Cincinnati,Halys Q.,De Minaur A.,HB64,DH58,3,games_handicap,4.5,home,A -4.5,pointsbet,1.48,0.6281407035175879,0.7734233103955392,0.09774763471986359,0.14528260687795136,0.30138854038624596,1.0,1.0,25.0,,,,"as_of 2026-08-15, book pointsbet",-12,"9.32031e-05,0.000398239,0.00356267,0.00453173,0.0282012,0.0208574,0.111631,0.057301,0.215962,0.0981662,0.0958063,0.0369166,0.0374646,0.038458,0.04028,0.0783277,0.0356567,0.0641633,0.0108149,0.0171396,0.0019463,0.00203287,0.000192954,9.09793e-05,3.97394e-06",-3.0,,,
pick,2026-08-15T07:39:29+00:00,2026-08-15,pointsbet:2848213,pointsbet:2848213,atp-cincinnati,2026-08-15,ATP Cincinnati,Hanfmann Y.,Fils A.,H997,F0F1,3,games_handicap,4.5,home,A -4.5,pointsbet,1.63,0.5744125326370757,0.688088356847365,0.07459142433202759,0.11367582421028932,0.19299051057334116,1.0,1.0,25.0,,,,"as_of 2026-08-15, book pointsbet",-12,"0.0003064,0.00121573,0.00837338,0.0101277,0.0484083,0.034668,0.140699,0.0681131,0.202803,0.0822582,0.0788104,0.0317155,0.0320438,0.0327885,0.0303712,0.064817,0.0315047,0.0613696,0.0127462,0.0203716,0.00293473,0.00301544,0.000357894,0.000171777,9.32112e-06",-4.0,,,
board,2026-08-15T07:39:28+00:00,2026-08-15,pointsbet:2847042,pointsbet:2847042,atp-cincinnati,2026-08-15,ATP Cincinnati,Landaluce M.,Arnaldi M.,L0IL,A0FC,3,total_games,22.5,over,over 22.5,pointsbet,1.77,0.5241935483870968,0.5079799670274068,-0.056991784385022615,-0.016213581359689977,,0.0,0.0,,,,,"board, as_of 2026-08-15, book pointsbet",11,"0.02,0,0,0,0.0053552,0.0298214,0.061427,0.0672671,0.0857955,0.0734225,0.0578959,0.0910355,0.0682084,0.0106166,0.0354157,0.0560673,0.0273645,0.0339564,0.0371289,0.0378274,0.0466512,0.0453851,0.0285944,0.0215839,0.028842,0.010338",23.0,,,
board,2026-08-15T07:39:28+00:00,2026-08-15,pointsbet:2847042,pointsbet:2847042,atp-cincinnati,2026-08-15,ATP Cincinnati,Landaluce M.,Arnaldi M.,L0IL,A0FC,3,games_handicap,-0.5,home,A +0.5,pointsbet,1.77,0.5177111716621253,0.5061488187546196,-0.0588229326578098,-0.011562352907505735,,0.0,0.0,,,,,"board, as_of 2026-08-15, book pointsbet",-12,"7.00559e-05,0.000303086,0.00252219,0.00332811,0.0191903,0.0152015,0.0732661,0.0394788,0.137177,0.0623752,0.0711023,0.0328021,0.037035,0.0428646,0.0440754,0.104627,0.0596795,0.129344,0.0353047,0.0613031,0.012121,0.0133944,0.00219302,0.00115411,8.73714e-05",1.0,,,
board,2026-08-15T07:39:28+00:00,2026-08-15,pointsbet:2847154,pointsbet:2847154,atp-cincinnati,2026-08-16,ATP Cincinnati,Zverev A.,Norrie C.,Z355,N771,3,total_games,21.5,over,over 21.5,pointsbet,1.65,0.5657894736842105,0.5258006287506543,-0.08025997730995182,-0.039988844933556256,,0.0,0.0,,,,,"board, as_of 2026-08-15, book pointsbet",11,"0.02,0,0,0,0.0277808,0.0287198,0.103513,0.0472226,0.120689,0.0559258,0.0703487,0.0850616,0.0707633,0.00742151,0.0417741,0.0375786,0.023508,0.021188,0.0328219,0.0249143,0.0435437,0.0343352,0.0271188,0.017678,0.0285247,0.00956881",22.0,,,
board,2026-08-15T07:39:28+00:00,2026-08-15,pointsbet:2847154,pointsbet:2847154,atp-cincinnati,2026-08-16,ATP Cincinnati,Zverev A.,Norrie C.,Z355,N771,3,games_handicap,-3.5,home,A +3.5,pointsbet,1.67,0.557029177718833,0.5467097226379911,-0.05209267257158978,-0.010319455080841866,,0.0,0.0,,,,,"board, as_of 2026-08-15, book pointsbet",-12,"3.74596e-06,1.84356e-05,0.000240354,0.00034917,0.00314276,0.00270914,0.0205161,0.0124082,0.0637492,0.0341755,0.0452723,0.0224053,0.0285112,0.0381145,0.0498229,0.131852,0.0853667,0.206917,0.0623708,0.121697,0.0271101,0.0332488,0.0061811,0.00351631,0.000302325",4.0,,,
board,2026-08-15T07:39:29+00:00,2026-08-15,pointsbet:2847267,pointsbet:2847267,atp-cincinnati,2026-08-15,ATP Cincinnati,Jodar R.,Shapovalov D.,J0DZ,SU55,3,total_games,21.5,over,over 21.5,pointsbet,1.74,0.5347593582887701,0.5318417289403243,-0.04287091473783655,-0.0029176293484457494,,0.0,0.0,,,,,"board, as_of 2026-08-15, book pointsbet",11,"0.02,0,0,0,0.0280123,0.0301209,0.0993485,0.0505983,0.112426,0.0598745,0.0677781,0.0826992,0.0668169,0.00840298,0.0430948,0.0370724,0.0261966,0.0246401,0.0353433,0.0281621,0.0444285,0.0358722,0.0269461,0.018034,0.0269764,0.00715613",22.0,,,
board,2026-08-15T07:39:29+00:00,2026-08-15,pointsbet:2847267,pointsbet:2847267,atp-cincinnati,2026-08-15,ATP Cincinnati,Jodar R.,Shapovalov D.,J0DZ,SU55,3,games_handicap,-3.5,home,A +3.5,pointsbet,1.8,0.5095367847411445,0.5226223711669606,-0.03293318438859494,0.013085586425816143,,0.0,0.0,,,,,"board, as_of 2026-08-15, book pointsbet",-12,"7.94831e-06,3.7996e-05,0.000433537,0.000619262,0.00488064,0.00416457,0.0273908,0.0161614,0.0733242,0.037404,0.0483676,0.023893,0.0299185,0.0388675,0.0472543,0.124652,0.0806418,0.194245,0.0607732,0.116751,0.0271136,0.0328169,0.0063462,0.00361216,0.000322676",4.0,,,
board,2026-08-15T07:39:29+00:00,2026-08-15,pointsbet:2847370,pointsbet:2847370,atp-cincinnati,2026-08-15,ATP Cincinnati,Kecmanovic M.,Cobolli F.,KI95,C0E9,3,total_games,22.5,over,over 22.5,pointsbet,1.71,0.5390835579514824,0.4809734338075601,-0.10382188782986679,-0.05811012414392236,,0.0,0.0,,,,,"board, as_of 2026-08-15, book pointsbet",11,"0.02,0,0,0,0.0132753,0.042294,0.0626613,0.0812043,0.0709423,0.0884518,0.0558651,0.0843325,0.0580956,0.0135407,0.0466245,0.0419483,0.0300752,0.037838,0.0383179,0.0404217,0.0429953,0.0414271,0.0251863,0.0194481,0.0227326,0.00232218",22.0,,,
board,2026-08-15T07:39:29+00:00,2026-08-15,pointsbet:2847370,pointsbet:2847370,atp-cincinnati,2026-08-15,ATP Cincinnati,Kecmanovic M.,Cobolli F.,KI95,C0E9,3,games_handicap,0.5,home,A -0.5,pointsbet,1.9,0.4822888283378746,0.4740587356972789,-0.05225705377640527,-0.00823009264059571,,0.0,0.0,,,,,"board, as_of 2026-08-15, book pointsbet",-12,"0.00021113,0.000855914,0.00562672,0.00715683,0.0326884,0.0255844,0.0967746,0.0510781,0.144189,0.0622131,0.0675696,0.031993,0.034708,0.0390087,0.0369336,0.0862259,0.0513144,0.108521,0.0331592,0.0551428,0.0122873,0.0130272,0.00238073,0.00124515,0.000104519",-1.0,,,
board,2026-08-15T07:39:29+00:00,2026-08-15,pointsbet:2847376,pointsbet:2847376,atp-cincinnati,2026-08-15,ATP Cincinnati,Struff J.,Tabilo A.,SL28,TE30,3,total_games,22.5,over,over 22.5,pointsbet,1.69,0.5481283422459893,0.5120676505374318,-0.07964832579392922,-0.036060691708557524,,0.0,0.0,,,,,"board, as_of 2026-08-15, book pointsbet",11,"0.02,0,0,0,0,0.0296443,0.044504,0.0788997,0.0714467,0.0890835,0.0532093,0.101145,0.074225,0.00964589,0.0340376,0.0593748,0.021836,0.0330968,0.0314362,0.0376731,0.0434993,0.049142,0.0280022,0.0228563,0.031178,0.0160643",23.0,,,
board,2026-08-15T07:39:29+00:00,2026-08-15,pointsbet:2847376,pointsbet:2847376,atp-cincinnati,2026-08-15,ATP Cincinnati,Struff J.,Tabilo A.,SL28,TE30,3,games_handicap,1.5,home,A -1.5,pointsbet,2.3,0.40414507772020725,0.4522497608610123,0.0174671521653601,0.04810468314080507,,0.0,0.0,,,,,"board, as_of 2026-08-15, book pointsbet",-12,"0.000106446,0.000450837,0.00371347,0.0047531,0.0271622,0.0205628,0.0994366,0.0514117,0.178291,0.0788289,0.0830329,0.0352137,0.0375963,0.0407883,0.0409316,0.0902568,0.0461435,0.0934028,0.020814,0.0346949,0.00544009,0.00581589,0.000754234,0.000375177,2.23565e-05",-2.0,,,
board,2026-08-15T07:39:29+00:00,2026-08-15,pointsbet:2847398,pointsbet:2847398,atp-cincinnati,2026-08-15,ATP Cincinnati,Djokovic N.,Tirante T.,D643,T0A1,3,total_games,21.5,over,over 21.5,pointsbet,1.67,0.557029177718833,0.5110932142051461,-0.08770918100443481,-0.045935963513686895,,0.0,0.0,,,,,"board, as_of 2026-08-15, book pointsbet",11,"0.02,0,0,0,0.0358798,0.0338305,0.105243,0.0527855,0.113916,0.0596247,0.0676279,0.0787175,0.0623401,0.00889519,0.0420525,0.0350416,0.027383,0.0251743,0.035865,0.028286,0.0430027,0.0339211,0.0254494,0.0169792,0.0243336,0.00365193",22.0,,,
board,2026-08-15T07:39:29+00:00,2026-08-15,pointsbet:2847398,pointsbet:2847398,atp-cincinnati,2026-08-15,ATP Cincinnati,Djokovic N.,Tirante T.,D643,T0A1,3,games_handicap,-3.5,home,A +3.5,pointsbet,1.74,0.5284552845528455,0.5444801060914255,-0.030232537586735386,0.01602482153857998,,0.0,0.0,,,,,"board, as_of 2026-08-15, book pointsbet",-12,"9.56752e-06,4.5395e-05,0.000489534,0.000698899,0.00519736,0.00445798,0.0274928,0.0161854,0.0695508,0.034916,0.0451749,0.0226293,0.0284601,0.0370273,0.0442722,0.118912,0.0794405,0.19414,0.0646084,0.12476,0.031025,0.0377411,0.00781327,0.00451903,0.000432466",4.0,,,
board,2026-08-15T07:39:29+00:00,2026-08-15,pointsbet:2847400,pointsbet:2847400,atp-cincinnati,2026-08-15,ATP Cincinnati,Blockx A.,Navone M.,B0PG,N0BS,3,total_games,21.5,over,over 21.5,pointsbet,1.53,0.6056701030927835,0.5275494855698404,-0.1260452856719897,-0.07812061752294308,,0.0,0.0,,,,,"board, as_of 2026-08-15, book pointsbet",11,"0.02,0,0,0,0.0352089,0.0444494,0.0853282,0.0703083,0.0853694,0.0726484,0.0591379,0.0726879,0.0509072,0.0151248,0.0473554,0.0385387,0.0347649,0.0366536,0.0414386,0.0379323,0.0416346,0.0350944,0.0232053,0.0168335,0.0153782",22.0,,,
board,2026-08-15T07:39:29+00:00,2026-08-15,pointsbet:2847400,pointsbet:2847400,atp-cincinnati,2026-08-15,ATP Cincinnati,Blockx A.,Navone M.,B0PG,N0BS,3,games_handicap,-2.5,home,A +2.5,pointsbet,1.9,0.4822888283378746,0.514543392762454,-0.011772396711230204,0.03225456442457936,,0.0,0.0,,,,,"board, as_of 2026-08-15, book pointsbet",-12,"0.00012817,0.000536592,0.00347241,0.0046726,0.0209994,0.017883,0.0648898,0.0371891,0.100966,0.0462264,0.0530043,0.0279166,0.0318102,0.037948,0.0378141,0.0914449,0.0641238,0.139301,0.0550792,0.0937251,0.0279679,0.0306164,0.00753846,0.00426125,0.000485365",3.0,,,
board,2026-08-15T07:39:29+00:00,2026-08-15,pointsbet:2847445,pointsbet:2847445,atp-cincinnati,2026-08-15,ATP Cincinnati,Atmane T.,Etcheverry T.,A0GC,EA24,3,total_games,22.5,over,over 22.5,pointsbet,1.69,0.5481283422459893,0.5904064468536696,-0.0013095294776913624,0.042278104607680334,,0.0,0.0,,,,,"board, as_of 2026-08-15, book pointsbet",11,"0.02,0,0,0,0,0.00153474,0.0392181,0.0428144,0.0810198,0.0708449,0.0426631,0.111499,0.0989978,0.00650065,0.0389663,0.0678964,0.0270889,0.0221852,0.0260463,0.027747,0.0465606,0.052592,0.034209,0.0263456,0.048692,0.0351436,0.00348646,0.00794874",23.0,,,
board,2026-08-15T07:39:29+00:00,2026-08-15,pointsbet:2847445,pointsbet:2847445,atp-cincinnati,2026-08-15,ATP Cincinnati,Atmane T.,Etcheverry T.,A0GC,EA24,3,games_handicap,-1.5,home,A +1.5,pointsbet,1.71,0.5390835579514824,0.46805353757444007,-0.1167417840629868,-0.07103002037704237,,0.0,0.0,,,,,"board, as_of 2026-08-15, book pointsbet",-12,"9.15461e-06,4.35759e-05,0.000564614,0.000786478,0.00712826,0.0058132,0.0455113,0.0268777,0.14089,0.0778679,0.0910215,0.039557,0.0438489,0.0520266,0.0661094,0.133122,0.0668723,0.126065,0.0238583,0.0401255,0.0052002,0.00574941,0.000626124,0.000310446,1.56974e-05",1.0,,,
board,2026-08-15T07:39:29+00:00,2026-08-15,pointsbet:2847525,pointsbet:2847525,atp-cincinnati,2026-08-15,ATP Cincinnati,Darderi L.,Hijikata R.,D0FJ,H0BH,3,total_games,21.5,over,over 21.5,pointsbet,1.59,0.5859374999999999,0.5290343403254423,-0.09989647728462059,-0.05690315967455761,,0.0,0.0,,,,,"board, as_of 2026-08-15, book pointsbet",11,"0.02,0,0,0,0.0337093,0.0483944,0.0797895,0.0759593,0.079579,0.0762417,0.0572924,0.072459,0.0491649,0.0166716,0.0478454,0.0397446,0.0352688,0.0386628,0.0415451,0.0394482,0.040639,0.0350186,0.0225513,0.016679,0.013336",22.0,,,
board,2026-08-15T07:39:29+00:00,2026-08-15,pointsbet:2847525,pointsbet:2847525,atp-cincinnati,2026-08-15,ATP Cincinnati,Darderi L.,Hijikata R.,D0FJ,H0BH,3,games_handicap,-1.5,home,A +1.5,pointsbet,1.69,0.5481283422459893,0.49647862972517603,-0.09523734660618494,-0.05164971252081324,,0.0,0.0,,,,,"board, as_of 2026-08-15, book pointsbet",-12,"0.000230547,0.000931416,0.00538073,0.00710192,0.0285884,0.0241908,0.0784216,0.044748,0.110303,0.0498727,0.0549705,0.0291726,0.0321474,0.0374618,0.036132,0.0841495,0.059319,0.123753,0.0499362,0.0816568,0.0248,0.0261753,0.00652523,0.00361579,0.000416191",1.0,,,
board,2026-08-15T07:39:29+00:00,2026-08-15,pointsbet:2847552,pointsbet:2847552,atp-cincinnati,2026-08-15,ATP Cincinnati,Bellucci M.,Mensik J.,B0GG,M0NI,3,total_games,22.5,over,over 22.5,pointsbet,2.0,0.46524064171123,0.5072226406327413,0.007222640632741251,0.04198199892151128,,0.0,0.0,,,,,"board, as_of 2026-08-15, book pointsbet",11,"0.02,0,0,0,0,0.0254899,0.0308349,0.0879936,0.0567094,0.107247,0.0488937,0.115609,0.0852968,0.00776225,0.0335251,0.064169,0.0140464,0.0276557,0.0224612,0.0332364,0.0369615,0.0511941,0.0259876,0.0235922,0.0345571,0.0260441,0.000733158",23.0,,,
board,2026-08-15T07:39:29+00:00,2026-08-15,pointsbet:2847552,pointsbet:2847552,atp-cincinnati,2026-08-15,ATP Cincinnati,Bellucci M.,Mensik J.,B0GG,M0NI,3,games_handicap,2.5,home,A -2.5,pointsbet,2.55,0.3609022556390977,0.4391223433888889,0.0469654806437908,0.07822008774979117,,0.0,0.0,,,,,"board, as_of 2026-08-15, book pointsbet",-12,"0.000107323,0.00045503,0.00398216,0.00502943,0.0306165,0.0224662,0.117707,0.0598393,0.221311,0.0993636,0.0953929,0.0363164,0.0365413,0.0370668,0.0383296,0.0739167,0.0332564,0.0593206,0.00980562,0.0154327,0.00171524,0.0017815,0.000165598,7.76315e-05,3.31814e-06",-3.0,,,
board,2026-08-15T07:39:29+00:00,2026-08-15,pointsbet:2848106,pointsbet:2848106,atp-cincinnati,2026-08-15,ATP Cincinnati,Vallejo A.,Vacherot V.,V0DP,VA25,3,total_games,20.5,over,over 20.5,pointsbet,1.67,0.557029177718833,0.5207424729602872,-0.0780599222492937,-0.036286704758545785,,0.0,0.0,,,,,"board, as_of 2026-08-15, book pointsbet",11,"0.02,0,0,0.0121284,0.0313319,0.0782285,0.0640373,0.103876,0.0715785,0.0980772,0.0500462,0.0747784,0.044181,0.0259838,0.0293704,0.0384335,0.0270711,0.0372484,0.0322535,0.0374607,0.031918,0.0319264,0.0179953,0.0145764,0.00749923",21.0,,,
board,2026-08-15T07:39:29+00:00,2026-08-15,pointsbet:2848106,pointsbet:2848106,atp-cincinnati,2026-08-15,ATP Cincinnati,Vallejo A.,Vacherot V.,V0DP,VA25,3,games_handicap,3.5,home,A -3.5,pointsbet,2.0,0.46091644204851756,0.4280324701389372,-0.0719675298610628,-0.03288397190958037,,0.0,0.0,,,,,"board, as_of 2026-08-15, book pointsbet",-12,"0.0013056,0.00461272,0.0209804,0.0243153,0.0777651,0.0576149,0.152119,0.076252,0.157002,0.0621366,0.0580616,0.0273708,0.02671,0.0279915,0.0237051,0.0508351,0.0307233,0.0587495,0.0189511,0.0281574,0.00657121,0.00625665,0.00118123,0.000581287,5.00327e-05",-4.0,,,
board,2026-08-15T07:39:29+00:00,2026-08-15,pointsbet:2848117,pointsbet:2848117,atp-cincinnati,2026-08-15,ATP Cincinnati,Paul T.,Hurkacz H.,PL56,HB71,3,total_games,22.5,over,over 22.5,pointsbet,1.63,0.5744125326370757,0.5332998646502618,-0.08019706786507563,-0.0411126679868139,,0.0,0.0,,,,,"board, as_of 2026-08-15, book pointsbet",11,"0.02,0,0,0,0.000730166,0.018177,0.0640039,0.0462573,0.100336,0.0567064,0.0616184,0.0988712,0.0840239,0.0074981,0.0363167,0.0623843,0.0216737,0.0250409,0.0325896,0.0299075,0.0486256,0.0463418,0.0324064,0.0231317,0.038472,0.0243356,0.000552242",23.0,,,
board,2026-08-15T07:39:29+00:00,2026-08-15,pointsbet:2848117,pointsbet:2848117,atp-cincinnati,2026-08-15,ATP Cincinnati,Paul T.,Hurkacz H.,PL56,HB71,3,games_handicap,-2.5,home,A +2.5,pointsbet,2.05,0.45187165775401067,0.5129728896487438,0.025168011599963236,0.0611012318947331,,0.0,0.0,,,,,"board, as_of 2026-08-15, book pointsbet",-12,"9.79483e-06,4.64853e-05,0.000560211,0.000785498,0.00658207,0.00544087,0.0387287,0.0225728,0.10937,0.0572264,0.070066,0.0323368,0.0382107,0.0472286,0.0578625,0.134892,0.0756498,0.162972,0.0393133,0.0707698,0.0122007,0.0140275,0.00201648,0.00106128,7.05261e-05",3.0,,,
board,2026-08-15T07:39:29+00:00,2026-08-15,pointsbet:2848140,pointsbet:2848140,atp-cincinnati,2026-08-15,ATP Cincinnati,Halys Q.,De Minaur A.,HB64,DH58,3,total_games,22.5,over,over 22.5,pointsbet,1.95,0.47580645161290325,0.516569871692583,0.0037493588720700632,0.0407634200796797,,0.0,0.0,,,,,"board, as_of 2026-08-15, book pointsbet",11,"0.02,0,0,0,0,0.0225262,0.030977,0.0839932,0.0581821,0.103426,0.0490863,0.115239,0.0862097,0.00774151,0.0340347,0.065415,0.0144564,0.0277461,0.0231315,0.0333439,0.0381161,0.0518459,0.0268115,0.0240037,0.0356447,0.0266873,0.0013818",23.0,,,
board,2026-08-15T07:39:29+00:00,2026-08-15,pointsbet:2848140,pointsbet:2848140,atp-cincinnati,2026-08-15,ATP Cincinnati,Halys Q.,De Minaur A.,HB64,DH58,3,games_handicap,2.5,home,A -2.5,pointsbet,2.35,0.3943298969072165,0.4592949420091347,0.03376302711551765,0.0649650451019182,,0.0,0.0,,,,,"board, as_of 2026-08-15, book pointsbet",-12,"9.32031e-05,0.000398239,0.00356267,0.00453173,0.0282012,0.0208574,0.111631,0.057301,0.215962,0.0981662,0.0958063,0.0369166,0.0374646,0.038458,0.04028,0.0783277,0.0356567,0.0641633,0.0108149,0.0171396,0.0019463,0.00203287,0.000192954,9.09793e-05,3.97394e-06",-3.0,,,
board,2026-08-15T07:39:29+00:00,2026-08-15,pointsbet:2848213,pointsbet:2848213,atp-cincinnati,2026-08-15,ATP Cincinnati,Hanfmann Y.,Fils A.,H997,F0F1,3,total_games,21.5,over,over 21.5,pointsbet,1.71,0.5390835579514824,0.5536872506970231,-0.031108070940403798,0.01460369274554063,,0.0,0.0,,,,,"board, as_of 2026-08-15, book pointsbet",11,"0.02,0,0,0,0.00615203,0.0500423,0.04363,0.104477,0.0537509,0.117345,0.0509156,0.0995565,0.0663268,0.0103527,0.0404296,0.0429412,0.0193668,0.0330763,0.0273084,0.0370272,0.0364042,0.0442347,0.0231021,0.020036,0.0249095,0.00861523",22.0,,,
board,2026-08-15T07:39:29+00:00,2026-08-15,pointsbet:2848213,pointsbet:2848213,atp-cincinnati,2026-08-15,ATP Cincinnati,Hanfmann Y.,Fils A.,H997,F0F1,3,games_handicap,3.5,home,A -3.5,pointsbet,2.0,0.46091644204851756,0.48528572508899165,-0.014714274911008351,0.024369283040474088,,0.0,0.0,,,,,"board, as_of 2026-08-15, book pointsbet",-12,"0.0003064,0.00121573,0.00837338,0.0101277,0.0484083,0.034668,0.140699,0.0681131,0.202803,0.0822582,0.0788104,0.0317155,0.0320438,0.0327885,0.0303712,0.064817,0.0315047,0.0613696,0.0127462,0.0203716,0.00293473,0.00301544,0.000357894,0.000171777,9.32112e-06",-4.0,,,
board,2026-08-15T07:39:29+00:00,2026-08-15,pointsbet:2848218,pointsbet:2848218,atp-cincinnati,2026-08-15,ATP Cincinnati,Lehecka J.,Berrettini M.,L0BV,BK40,3,total_games,22.5,over,over 22.5,pointsbet,1.71,0.5390835579514824,0.5895883643171219,0.004793042679695048,0.050504806365639476,,0.0,0.0,,,,,"board, as_of 2026-08-15, book pointsbet",11,"0.02,0,0,0,0,0.00160947,0.0479563,0.0326416,0.095442,0.0447447,0.0577684,0.110249,0.103819,0.00591982,0.0400755,0.083939,0.0140367,0.0173195,0.02441,0.0225143,0.0460122,0.0472901,0.0348627,0.0250906,0.0519765,0.0369393,0.00348644,0.0118966",23.0,,,
board,2026-08-15T07:39:29+00:00,2026-08-15,pointsbet:2848218,pointsbet:2848218,atp-cincinnati,2026-08-15,ATP Cincinnati,Lehecka J.,Berrettini M.,L0BV,BK40,3,games_handicap,-1.5,home,A +1.5,pointsbet,1.74,0.5284552845528455,0.5693906566494281,-0.005321987028732766,0.0409353720965826,,0.0,0.0,,,,,"board, as_of 2026-08-15, book pointsbet",-12,"2.46855e-06,1.23336e-05,0.000195253,0.000282509,0.00313898,0.00267332,0.025899,0.0164616,0.103934,0.0639491,0.0809032,0.0370223,0.0421769,0.0539584,0.0771876,0.155431,0.0817056,0.155441,0.0304853,0.0525427,0.00711307,0.00807034,0.000922305,0.000466866,2.48131e-05",2.0,,,
board,2026-08-15T07:39:30+00:00,2026-08-15,pointsbet:2848254,pointsbet:2848254,atp-cincinnati,2026-08-15,ATP Cincinnati,Fery A.,Duckworth J.,F0DM,D994,3,total_games,22.5,over,over 22.5,pointsbet,1.74,0.5347593582887701,0.5191016428229003,-0.055611000855260606,-0.015657715465869804,,0.0,0.0,,,,,"board, as_of 2026-08-15, book pointsbet",11,"0.02,0,0,0,0.00390029,0.022166,0.0663779,0.0530704,0.0972383,0.0622505,0.0611483,0.0947467,0.0769254,0.00850892,0.0357452,0.0581824,0.0244737,0.0283615,0.0350489,0.0328808,0.0483443,0.045632,0.0309232,0.0223366,0.0340585,0.0176801",23.0,,,
board,2026-08-15T07:39:30+00:00,2026-08-15,pointsbet:2848254,pointsbet:2848254,atp-cincinnati,2026-08-15,ATP Cincinnati,Fery A.,Duckworth J.,F0DM,D994,3,games_handicap,-1.5,home,A +1.5,pointsbet,1.8,0.5095367847411445,0.5492296067126098,-0.006325948842945794,0.039692821971465286,,0.0,0.0,,,,,"board, as_of 2026-08-15, book pointsbet",-12,"1.98152e-05,9.12029e-05,0.000958914,0.00131839,0.00960661,0.00782611,0.0480292,0.0271086,0.115803,0.0571262,0.0685596,0.0317385,0.0372963,0.045288,0.0519913,0.124439,0.0710501,0.156175,0.0403547,0.0725137,0.0135141,0.0154413,0.00239101,0.00126879,9.06785e-05",2.0,,,
pick,2026-08-15T23:10:47+00:00,2026-08-15,pointsbet:2848117,pointsbet:2848117,atp-cincinnati,2026-08-15,ATP Cincinnati,Paul T.,Hurkacz H.,PL56,HB71,3,total_games,33.5,under,under 33.5,pointsbet,1.4,0.6744186046511629,0.893508574787854,0.17922286050213965,0.21908997013669107,0.6272800117574888,1.0,1.0,25.0,,,,"as_of 2026-08-15, book pointsbet",11,"0.02,0,0,0,0.000730166,0.018177,0.0640039,0.0462573,0.100336,0.0567064,0.0616184,0.0988712,0.0840239,0.0074981,0.0363167,0.0623843,0.0216737,0.0250409,0.0325896,0.0299075,0.0486256,0.0463418,0.0324064,0.0231317,0.038472,0.0243356,0.000552242",23.0,,,
pick,2026-08-15T23:10:47+00:00,2026-08-15,pointsbet:2848151,pointsbet:2848151,atp-cincinnati,2026-08-16,ATP Cincinnati,Tsitsipas S.,Auger-Aliassime F.,TE51,AG37,3,games_handicap,0.5,away,B +0.5,pointsbet,1.77,0.5177111716621253,0.6740766056381224,0.10910485422569305,0.15636543397599711,0.25079947010321646,1.0,1.0,25.0,,,,"as_of 2026-08-15, book pointsbet",-12,"4.92141e-05,0.000217463,0.00222894,0.00290162,0.0207658,0.0156572,0.0973312,0.0522315,0.223424,0.110506,0.108231,0.0405323,0.040105,0.0412131,0.0465718,0.081396,0.0353652,0.05769,0.00830608,0.0126967,0.00119361,0.00124003,9.86094e-05,4.55031e-05,1.67294e-06",-3.0,,,
pick,2026-08-15T23:10:47+00:00,2026-08-15,pointsbet:2848161,pointsbet:2848161,atp-cincinnati,2026-08-16,ATP Cincinnati,Altmaier D.,Musetti L.,AE14,M0EJ,3,games_handicap,4.5,home,A -4.5,pointsbet,1.69,0.5481283422459893,0.6704757255002154,0.07875974916885442,0.12234738325422612,0.1929043131816869,1.0,1.0,25.0,,,,"as_of 2026-08-15, book pointsbet",-12,"0.000470745,0.00180948,0.0108926,0.0130617,0.0547054,0.0398613,0.140059,0.068664,0.180873,0.0724,0.0709847,0.0306731,0.0311239,0.0325973,0.0289505,0.0640954,0.0341114,0.068421,0.0173882,0.027654,0.00499295,0.0050685,0.000748704,0.000368265,2.48558e-05",-4.0,,,
pick,2026-08-15T23:10:48+00:00,2026-08-15,pointsbet:2848215,pointsbet:2848215,atp-cincinnati,2026-08-16,ATP Cincinnati,Rublev A.,Carreno Busta P.,RE44,CD85,3,games_handicap,-3.5,away,B -3.5,pointsbet,1.69,0.5481283422459893,0.6310753683272494,0.03935939199588845,0.08294702608126014,0.096401989091379,1.0,1.0,25.0,,,,"as_of 2026-08-15, book pointsbet",-12,"4.10541e-05,0.000182638,0.00164648,0.00222487,0.0138896,0.0112626,0.0585736,0.032394,0.119827,0.0561141,0.0662387,0.0311978,0.0362038,0.0431436,0.0460316,0.112104,0.0661417,0.147258,0.0421032,0.0750503,0.0157113,0.0177819,0.00308555,0.00166015,0.000132757",2.0,,,
pick,2026-08-15T23:10:48+00:00,2026-08-15,pointsbet:2848218,pointsbet:2848218,atp-cincinnati,2026-08-15,ATP Cincinnati,Lehecka J.,Berrettini M.,L0BV,BK40,3,total_games,23.5,over,over 23.5,pointsbet,2.35,0.3943298969072165,0.4857692579022719,0.06023734300865485,0.0914393609950554,0.10485759708913994,1.0,1.0,25.0,,,,"as_of 2026-08-15, book pointsbet",11,"0.02,0,0,0,0,0.00160947,0.0479563,0.0326416,0.095442,0.0447447,0.0577684,0.110249,0.103819,0.00591982,0.0400755,0.083939,0.0140367,0.0173195,0.02441,0.0225143,0.0460122,0.0472901,0.0348627,0.0250906,0.0519765,0.0369393,0.00348644,0.0118966",23.0,,,
pick,2026-08-15T23:10:48+00:00,2026-08-15,pointsbet:2848218,pointsbet:2848218,atp-cincinnati,2026-08-15,ATP Cincinnati,Lehecka J.,Berrettini M.,L0BV,BK40,3,games_handicap,-2.5,away,B -2.5,pointsbet,2.9,0.3144208037825059,0.5077969731320999,0.16296938692520335,0.193376169349594,0.24874274846478406,1.0,1.0,25.0,,,,"as_of 2026-08-15, book pointsbet",-12,"2.46855e-06,1.23336e-05,0.000195253,0.000282509,0.00313898,0.00267332,0.025899,0.0164616,0.103934,0.0639491,0.0809032,0.0370223,0.0421769,0.0539584,0.0771876,0.155431,0.0817056,0.155441,0.0304853,0.0525427,0.00711307,0.00807034,0.000922305,0.000466866,2.48131e-05",2.0,,,
pick,2026-08-15T23:10:48+00:00,2026-08-15,pointsbet:2848253,pointsbet:2848253,atp-cincinnati,2026-08-16,ATP Cincinnati,Rinderknech A.,Cerundolo J.,RC91,C0C8,3,games_handicap,-1.5,away,B -1.5,pointsbet,2.05,0.45187165775401067,0.5443255258459726,0.05652064779719207,0.09245386809196193,0.11034983617547021,1.0,1.0,25.0,,,,"as_of 2026-08-15, book pointsbet",-12,"0.000106154,0.000449014,0.00338372,0.00442604,0.0231155,0.0183852,0.0795571,0.0427717,0.13515,0.0601554,0.0678382,0.032012,0.0357888,0.0411868,0.0408474,0.0974596,0.0576937,0.125264,0.0372001,0.0639384,0.0138593,0.0151561,0.00270419,0.00143387,0.000117612",0.0,,,
pick,2026-08-15T23:10:48+00:00,2026-08-15,pointsbet:2848254,pointsbet:2848254,atp-cincinnati,2026-08-15,ATP Cincinnati,Fery A.,Duckworth J.,F0DM,D994,3,total_games,27.5,under,under 27.5,pointsbet,2.05,0.45187165775401067,0.6847340026343108,0.1969291245855303,0.23286234488030016,0.3844806718098449,1.0,1.0,25.0,,,,"as_of 2026-08-15, book pointsbet",11,"0.02,0,0,0,0.00390029,0.022166,0.0663779,0.0530704,0.0972383,0.0622505,0.0611483,0.0947467,0.0769254,0.00850892,0.0357452,0.0581824,0.0244737,0.0283615,0.0350489,0.0328808,0.0483443,0.045632,0.0309232,0.0223366,0.0340585,0.0176801",23.0,,,
pick,2026-08-15T23:10:48+00:00,2026-08-15,pointsbet:2848254,pointsbet:2848254,atp-cincinnati,2026-08-15,ATP Cincinnati,Fery A.,Duckworth J.,F0DM,D994,3,games_handicap,3.5,home,A -3.5,pointsbet,1.8,0.5095367847411445,0.7892382368609059,0.2336826813053503,0.2797014521197614,0.5257860329370382,1.0,1.0,25.0,,,,"as_of 2026-08-15, book pointsbet",-12,"1.98152e-05,9.12029e-05,0.000958914,0.00131839,0.00960661,0.00782611,0.0480292,0.0271086,0.115803,0.0571262,0.0685596,0.0317385,0.0372963,0.045288,0.0519913,0.124439,0.0710501,0.156175,0.0403547,0.0725137,0.0135141,0.0154413,0.00239101,0.00126879,9.06785e-05",2.0,,,
pick,2026-08-15T23:10:48+00:00,2026-08-15,pointsbet:2848268,pointsbet:2848268,atp-cincinnati,2026-08-16,ATP Cincinnati,O'Connell C.,Ruud C.,O483,RH16,3,games_handicap,4.5,home,A -4.5,pointsbet,1.56,0.5958549222797926,0.71330995872791,0.07228431770226906,0.11745503644811739,0.20136345645632087,1.0,1.0,25.0,,,,"as_of 2026-08-15, book pointsbet",-12,"0.000211571,0.000860775,0.00648352,0.00796286,0.0416397,0.029997,0.133892,0.0656425,0.211928,0.0886407,0.0847077,0.033205,0.0335444,0.0341015,0.0328191,0.0677914,0.031791,0.060202,0.0113513,0.0180919,0.00233619,0.00241338,0.000258133,0.000122636,6.00915e-06",-3.0,,,
pick,2026-08-15T23:10:48+00:00,2026-08-15,pointsbet:2848355,pointsbet:2848355,atp-cincinnati,2026-08-16,ATP Cincinnati,Borges N.,Cerundolo F.,BT72,C0AU,3,games_handicap,-1.5,away,B -1.5,pointsbet,1.8,0.5095367847411445,0.6079097952603245,0.052354239704768935,0.09837301051918002,0.1177970393357302,1.0,1.0,25.0,,,,"as_of 2026-08-15, book pointsbet",-12,"0.000244234,0.000981723,0.00624793,0.00792189,0.0350334,0.0274685,0.100192,0.0529208,0.14435,0.0619444,0.0665994,0.0317222,0.034122,0.0381612,0.0357187,0.0830134,0.0500723,0.105413,0.0331619,0.0548126,0.0126289,0.0133206,0.00251552,0.00131908,0.000114334",-2.0,,,
pick,2026-08-15T23:10:49+00:00,2026-08-15,pointsbet:2848379,pointsbet:2848379,atp-cincinnati,2026-08-16,ATP Cincinnati,Humbert U.,Zheng M.,HH26,Z0BZ,3,total_games,21.5,under,under 21.5,pointsbet,2.35,0.3943298969072165,0.4462592506881557,0.02072733579453867,0.051929353780939214,0.03608091786456737,1.0,0.451,25.0,,,,"as_of 2026-08-15, book pointsbet",11,"0.02,0,0,0,0.0226956,0.034675,0.0823721,0.0632328,0.0896954,0.0722616,0.0613268,0.0803256,0.0596652,0.0117429,0.0467488,0.0390914,0.031214,0.0333793,0.0397248,0.0362023,0.0449782,0.0390022,0.0261929,0.0188264,0.0237907,0.00285619",22.0,,,
pick,2026-08-15T23:10:49+00:00,2026-08-15,pointsbet:2848379,pointsbet:2848379,atp-cincinnati,2026-08-16,ATP Cincinnati,Humbert U.,Zheng M.,HH26,Z0BZ,3,games_handicap,-1.5,home,A +1.5,pointsbet,2.0,0.46091644204851756,0.569348307701167,0.06934830770116696,0.1084318656526494,0.1386966154023339,1.0,1.0,25.0,,,,"as_of 2026-08-15, book pointsbet",-12,"5.32715e-05,0.000233811,0.0019006,0.00257983,0.014511,0.012038,0.0556501,0.0312126,0.104348,0.0483156,0.0575849,0.0284814,0.0333884,0.0403544,0.042146,0.105448,0.0675451,0.153574,0.0512428,0.0918504,0.0228489,0.0260502,0.00536595,0.00299261,0.000284241",3.0,,,
pick,2026-08-15T23:10:49+00:00,2026-08-15,pointsbet:2848457,pointsbet:2848457,atp-cincinnati,2026-08-16,ATP Cincinnati,Merida Aguilar D.,Bergs Z.,M0N7,BU13,3,total_games,21.5,under,under 21.5,pointsbet,2.35,0.3943298969072165,0.449601497304859,0.024069582411241963,0.055271600397642506,0.041898902715865646,1.0,0.5237,25.0,,,,"as_of 2026-08-15, book pointsbet",11,"0.02,0,0,0,0.0230831,0.0408904,0.0762313,0.0722943,0.0808154,0.0777337,0.0585533,0.0780854,0.0549194,0.0141498,0.0475945,0.0401053,0.033127,0.0371107,0.0408031,0.0391397,0.043332,0.0383328,0.0247181,0.0182808,0.0206999",22.0,,,
pick,2026-08-15T23:10:49+00:00,2026-08-15,pointsbet:2848485,pointsbet:2848485,atp-cincinnati,2026-08-16,ATP Cincinnati,Shelton B.,Faria J.,S0S1,F0F2,3,total_games,21.5,under,under 21.5,pointsbet,2.0,0.46091644204851756,0.528451841078045,0.028451841078044993,0.06753539902952743,0.056903682156089985,1.0,0.7113,25.0,,,,"as_of 2026-08-15, book pointsbet",11,"0.02,0,0,0,0.0438122,0.0345534,0.122159,0.0380926,0.145485,0.0510689,0.0732809,0.0803957,0.0667069,0.0149167,0.02871,0.0334262,0.0215362,0.0175136,0.0299013,0.0208027,0.0392042,0.0286001,0.0241891,0.0151042,0.0250939,0.00544734",21.0,,,
board,2026-08-15T23:10:47+00:00,2026-08-15,pointsbet:2848151,pointsbet:2848151,atp-cincinnati,2026-08-16,ATP Cincinnati,Tsitsipas S.,Auger-Aliassime F.,TE51,AG37,3,total_games,22.5,over,over 22.5,pointsbet,1.63,0.5744125326370757,0.5515363391599158,-0.06196059335542159,-0.022876193477159856,,0.0,0.0,,,,,"board, as_of 2026-08-15, book pointsbet",11,"0.02,0,0,0,0,0.0101319,0.0234142,0.0728706,0.0519744,0.0999803,0.0461029,0.123989,0.0986611,0.00661331,0.0369207,0.0774679,0.0107518,0.0230476,0.0188451,0.0291779,0.0361048,0.0540319,0.0274511,0.0255975,0.0424004,0.0347111,0.00315904,0.00659508",23.0,,,
board,2026-08-15T23:10:47+00:00,2026-08-15,pointsbet:2848151,pointsbet:2848151,atp-cincinnati,2026-08-16,ATP Cincinnati,Tsitsipas S.,Auger-Aliassime F.,TE51,AG37,3,games_handicap,2.5,home,A -2.5,pointsbet,1.59,0.5859374999999999,0.4746870210021973,-0.15424379660786558,-0.1112504789978026,,0.0,0.0,,,,,"board, as_of 2026-08-15, book pointsbet",-12,"4.92141e-05,0.000217463,0.00222894,0.00290162,0.0207658,0.0156572,0.0973312,0.0522315,0.223424,0.110506,0.108231,0.0405323,0.040105,0.0412131,0.0465718,0.081396,0.0353652,0.05769,0.00830608,0.0126967,0.00119361,0.00124003,9.86094e-05,4.55031e-05,1.67294e-06",-3.0,,,
board,2026-08-15T23:10:47+00:00,2026-08-15,pointsbet:2848161,pointsbet:2848161,atp-cincinnati,2026-08-16,ATP Cincinnati,Altmaier D.,Musetti L.,AE14,M0EJ,3,total_games,21.5,over,over 21.5,pointsbet,1.85,0.5,0.5318653542687416,-0.008675186271798863,0.0318653542687416,,0.0,0.0,,,,,"board, as_of 2026-08-15, book pointsbet",11,"0.02,0,0,0,0.0154815,0.0570603,0.0523316,0.104244,0.0598402,0.107467,0.0517097,0.0889916,0.0570227,0.0128916,0.040827,0.0410697,0.0240902,0.0363532,0.0315018,0.0390038,0.0368562,0.0403311,0.0220843,0.018381,0.0208527,0.00160855",22.0,,,
board,2026-08-15T23:10:47+00:00,2026-08-15,pointsbet:2848161,pointsbet:2848161,atp-cincinnati,2026-08-16,ATP Cincinnati,Altmaier D.,Musetti L.,AE14,M0EJ,3,games_handicap,3.5,home,A -3.5,pointsbet,2.2,0.42558746736292424,0.48960263054674774,0.03505717600129321,0.0640151631838235,,0.0,0.0,,,,,"board, as_of 2026-08-15, book pointsbet",-12,"0.000470745,0.00180948,0.0108926,0.0130617,0.0547054,0.0398613,0.140059,0.068664,0.180873,0.0724,0.0709847,0.0306731,0.0311239,0.0325973,0.0289505,0.0640954,0.0341114,0.068421,0.0173882,0.027654,0.00499295,0.0050685,0.000748704,0.000368265,2.48558e-05",-4.0,,,
board,2026-08-15T23:10:48+00:00,2026-08-15,pointsbet:2848214,pointsbet:2848214,atp-cincinnati,2026-08-16,ATP Cincinnati,Tien L.,Baez S.,T0HA,B0BI,3,total_games,20.5,over,over 20.5,pointsbet,1.69,0.5481283422459893,0.5126870622305715,-0.0790289141007895,-0.0354412800154178,,0.0,0.0,,,,,"board, as_of 2026-08-15, book pointsbet",11,"0.02,0,0,0.0180267,0.0605853,0.0568897,0.106538,0.0619037,0.100937,0.062432,0.0584436,0.06038,0.0420672,0.0255042,0.0345907,0.0337481,0.0352226,0.0330373,0.0391666,0.0325855,0.0351073,0.0269583,0.0186292,0.0129917,0.00425463",21.0,,,
board,2026-08-15T23:10:48+00:00,2026-08-15,pointsbet:2848214,pointsbet:2848214,atp-cincinnati,2026-08-16,ATP Cincinnati,Tien L.,Baez S.,T0HA,B0BI,3,games_handicap,-3.5,home,A +3.5,pointsbet,1.65,0.5657894736842105,0.5650965770203283,-0.04096402904027774,-0.0006928966638821699,,0.0,0.0,,,,,"board, as_of 2026-08-15, book pointsbet",-12,"8.88669e-05,0.000381884,0.00229333,0.00328316,0.0137092,0.0128439,0.0421932,0.0266463,0.0662567,0.0324476,0.0376841,0.0220731,0.0258849,0.0321837,0.0340324,0.0829011,0.0697635,0.150256,0.0763498,0.12972,0.0509142,0.0566677,0.0184606,0.0112503,0.00171424",4.0,,,
board,2026-08-15T23:10:48+00:00,2026-08-15,pointsbet:2848215,pointsbet:2848215,atp-cincinnati,2026-08-16,ATP Cincinnati,Rublev A.,Carreno Busta P.,RE44,CD85,3,total_games,22.5,over,over 22.5,pointsbet,1.85,0.5,0.5025133985134839,-0.03802714202705659,0.0025133985134838666,,0.0,0.0,,,,,"board, as_of 2026-08-15, book pointsbet",11,"0.02,0,0,0,0.00934231,0.0280137,0.0697708,0.0608098,0.0932296,0.067176,0.0602653,0.088879,0.0682926,0.0101549,0.0355892,0.0546075,0.0278943,0.032203,0.0377029,0.0360394,0.0472258,0.0438303,0.0288334,0.0211089,0.0289597,0.0100715",23.0,,,
board,2026-08-15T23:10:48+00:00,2026-08-15,pointsbet:2848215,pointsbet:2848215,atp-cincinnati,2026-08-16,ATP Cincinnati,Rublev A.,Carreno Busta P.,RE44,CD85,3,games_handicap,-1.5,home,A +1.5,pointsbet,1.56,0.5958549222797926,0.5270601780320413,-0.11396546299359966,-0.06879474424775134,,0.0,0.0,,,,,"board, as_of 2026-08-15, book pointsbet",-12,"4.10541e-05,0.000182638,0.00164648,0.00222487,0.0138896,0.0112626,0.0585736,0.032394,0.119827,0.0561141,0.0662387,0.0311978,0.0362038,0.0431436,0.0460316,0.112104,0.0661417,0.147258,0.0421032,0.0750503,0.0157113,0.0177819,0.00308555,0.00166015,0.000132757",2.0,,,
board,2026-08-15T23:10:48+00:00,2026-08-15,pointsbet:2848251,pointsbet:2848251,atp-cincinnati,2026-08-16,ATP Cincinnati,Fritz T.,Michelsen A.,FB98,M0QI,3,total_games,22.5,over,over 22.5,pointsbet,1.65,0.5657894736842105,0.5442928708524726,-0.0617677352081335,-0.021496602831737932,,0.0,0.0,,,,,"board, as_of 2026-08-15, book pointsbet",11,"0.02,0,0,0,0,0.0150219,0.0595634,0.0450568,0.0977246,0.056592,0.0604019,0.101346,0.0871244,0.00724225,0.0367412,0.0653514,0.0204175,0.0243661,0.0313856,0.0293912,0.0485269,0.047556,0.0329781,0.0237824,0.0405902,0.0263436,0.0024961",23.0,,,
board,2026-08-15T23:10:48+00:00,2026-08-15,pointsbet:2848251,pointsbet:2848251,atp-cincinnati,2026-08-16,ATP Cincinnati,Fritz T.,Michelsen A.,FB98,M0QI,3,games_handicap,-1.5,home,A +1.5,pointsbet,1.77,0.5177111716621253,0.5560959894809274,-0.008875761931501969,0.0383848178188021,,0.0,0.0,,,,,"board, as_of 2026-08-15, book pointsbet",-12,"9.1084e-06,4.33592e-05,0.000535672,0.000751328,0.00646239,0.00533376,0.0391162,0.0228993,0.113775,0.0603592,0.0734606,0.0335672,0.0392919,0.0482992,0.0598292,0.136048,0.074811,0.157883,0.0365456,0.0652572,0.0107601,0.0123208,0.00169827,0.000886146,5.6489e-05",2.0,,,
board,2026-08-15T23:10:48+00:00,2026-08-15,pointsbet:2848253,pointsbet:2848253,atp-cincinnati,2026-08-16,ATP Cincinnati,Rinderknech A.,Cerundolo J.,RC91,C0C8,3,total_games,21.5,over,over 21.5,pointsbet,1.53,0.6056701030927835,0.5804966248712435,-0.07309814637058654,-0.025173478221539924,,0.0,0.0,,,,,"board, as_of 2026-08-15, book pointsbet",11,"0.02,0,0,0,0.0103204,0.0348613,0.065054,0.0720207,0.0844792,0.075059,0.0577087,0.0865052,0.0624961,0.0120562,0.0355748,0.0540932,0.0295365,0.0359413,0.0385543,0.0391493,0.0452812,0.0430131,0.0269473,0.0203796,0.0254287,0.00554002",22.0,,,
board,2026-08-15T23:10:48+00:00,2026-08-15,pointsbet:2848253,pointsbet:2848253,atp-cincinnati,2026-08-16,ATP Cincinnati,Rinderknech A.,Cerundolo J.,RC91,C0C8,3,games_handicap,-1.5,home,A +1.5,pointsbet,1.69,0.5481283422459893,0.45567447415402773,-0.13604150217733324,-0.09245386809196154,,0.0,0.0,,,,,"board, as_of 2026-08-15, book pointsbet",-12,"0.000106154,0.000449014,0.00338372,0.00442604,0.0231155,0.0183852,0.0795571,0.0427717,0.13515,0.0601554,0.0678382,0.032012,0.0357888,0.0411868,0.0408474,0.0974596,0.0576937,0.125264,0.0372001,0.0639384,0.0138593,0.0151561,0.00270419,0.00143387,0.000117612",0.0,,,
board,2026-08-15T23:10:48+00:00,2026-08-15,pointsbet:2848268,pointsbet:2848268,atp-cincinnati,2026-08-16,ATP Cincinnati,O'Connell C.,Ruud C.,O483,RH16,3,total_games,21.5,over,over 21.5,pointsbet,1.74,0.5347593582887701,0.5776895723051938,0.0029769286270329154,0.04293021401642372,,0.0,0.0,,,,,"board, as_of 2026-08-15, book pointsbet",11,"0.02,0,0,0,0.000498655,0.0432847,0.0385273,0.0996456,0.0500935,0.119873,0.0503874,0.10595,0.0731845,0.00922626,0.0417914,0.0456318,0.0172339,0.0312217,0.0254634,0.0358754,0.0367367,0.0470535,0.0242,0.0213812,0.0282402,0.0144998",22.0,,,
board,2026-08-15T23:10:48+00:00,2026-08-15,pointsbet:2848268,pointsbet:2848268,atp-cincinnati,2026-08-16,ATP Cincinnati,O'Connell C.,Ruud C.,O483,RH16,3,games_handicap,2.5,home,A -2.5,pointsbet,2.4,0.38461538461538464,0.412741629348212,-0.003925037318454672,0.028126244732827377,,0.0,0.0,,,,,"board, as_of 2026-08-15, book pointsbet",-12,"0.000211571,0.000860775,0.00648352,0.00796286,0.0416397,0.029997,0.133892,0.0656425,0.211928,0.0886407,0.0847077,0.033205,0.0335444,0.0341015,0.0328191,0.0677914,0.031791,0.060202,0.0113513,0.0180919,0.00233619,0.00241338,0.000258133,0.000122636,6.00915e-06",-3.0,,,
board,2026-08-15T23:10:48+00:00,2026-08-15,pointsbet:2848270,pointsbet:2848270,atp-cincinnati,2026-08-16,ATP Cincinnati,Fonseca J.,Van de Zandschulp B.,F0FV,V812,3,total_games,21.5,over,over 21.5,pointsbet,1.74,0.5347593582887701,0.5426724633695472,-0.032040180308613664,0.007913105080777139,,0.0,0.0,,,,,"board, as_of 2026-08-15, book pointsbet",11,"0.02,0,0,0,0.0268076,0.0340421,0.0892985,0.0594206,0.0965531,0.0680146,0.063191,0.0792951,0.0600798,0.0109973,0.0458012,0.0377999,0.0307166,0.0312635,0.0392012,0.0341442,0.0447581,0.0375851,0.0260675,0.0183137,0.0238345,0.00281461",22.0,,,
board,2026-08-15T23:10:48+00:00,2026-08-15,pointsbet:2848270,pointsbet:2848270,atp-cincinnati,2026-08-16,ATP Cincinnati,Fonseca J.,Van de Zandschulp B.,F0FV,V812,3,games_handicap,-2.5,home,A +2.5,pointsbet,1.53,0.6056701030927835,0.573171564950955,-0.08042320629087507,-0.03249853814182846,,0.0,0.0,,,,,"board, as_of 2026-08-15, book pointsbet",-12,"3.32069e-05,0.000149187,0.00130621,0.00180298,0.0109132,0.00917168,0.0456614,0.0260114,0.0927055,0.0438625,0.0536811,0.0267559,0.0321086,0.0396997,0.0429659,0.110045,0.0717334,0.166695,0.0561501,0.102728,0.0257949,0.0299417,0.00622994,0.0035165,0.000337731",3.0,,,
board,2026-08-15T23:10:48+00:00,2026-08-15,pointsbet:2848355,pointsbet:2848355,atp-cincinnati,2026-08-16,ATP Cincinnati,Borges N.,Cerundolo F.,BT72,C0AU,3,total_games,21.5,over,over 21.5,pointsbet,1.56,0.5958549222797926,0.5580376156547406,-0.08298802537090033,-0.037817306625052005,,0.0,0.0,,,,,"board, as_of 2026-08-15, book pointsbet",11,"0.02,0,0,0,0.0154277,0.0446746,0.0635128,0.0832672,0.0705963,0.0888909,0.0555929,0.083051,0.0563923,0.0141009,0.0463417,0.0417053,0.0304318,0.0382797,0.0383379,0.0405901,0.0421433,0.0404968,0.0245011,0.0189804,0.0216656,0.00101965",22.0,,,
board,2026-08-15T23:10:48+00:00,2026-08-15,pointsbet:2848355,pointsbet:2848355,atp-cincinnati,2026-08-16,ATP Cincinnati,Borges N.,Cerundolo F.,BT72,C0AU,3,games_handicap,-0.5,home,A +0.5,pointsbet,1.8,0.5095367847411445,0.43025137479207504,-0.12530418076348054,-0.07928540994906946,,0.0,0.0,,,,,"board, as_of 2026-08-15, book pointsbet",-12,"0.000244234,0.000981723,0.00624793,0.00792189,0.0350334,0.0274685,0.100192,0.0529208,0.14435,0.0619444,0.0665994,0.0317222,0.034122,0.0381612,0.0357187,0.0830134,0.0500723,0.105413,0.0331619,0.0548126,0.0126289,0.0133206,0.00251552,0.00131908,0.000114334",-2.0,,,
board,2026-08-15T23:10:49+00:00,2026-08-15,pointsbet:2848357,pointsbet:2848357,atp-cincinnati,2026-08-16,ATP Cincinnati,Walton A.,Buse I.,W09E,B0ID,3,total_games,21.5,over,over 21.5,pointsbet,1.63,0.5744125326370757,0.5540046865936221,-0.059492245921715314,-0.02040784604345358,,0.0,0.0,,,,,"board, as_of 2026-08-15, book pointsbet",11,"0.02,0,0,0,0.0223587,0.0372996,0.078853,0.0675519,0.0848677,0.0751815,0.0598831,0.0793944,0.0574637,0.012867,0.0473083,0.0396503,0.0322336,0.0353497,0.0403868,0.0378299,0.0443709,0.0389399,0.0255839,0.0186705,0.0225711,0.00138452",22.0,,,
board,2026-08-15T23:10:49+00:00,2026-08-15,pointsbet:2848357,pointsbet:2848357,atp-cincinnati,2026-08-16,ATP Cincinnati,Walton A.,Buse I.,W09E,B0ID,3,games_handicap,-1.5,home,A +1.5,pointsbet,1.69,0.5481283422459893,0.5352412517232993,-0.05647472460806169,-0.012887090522689992,,0.0,0.0,,,,,"board, as_of 2026-08-15, book pointsbet",-12,"8.59183e-05,0.000366617,0.00270658,0.00361725,0.0185738,0.0153208,0.0645872,0.0359418,0.11109,0.050535,0.0588688,0.0293003,0.0336924,0.0400718,0.0405251,0.0995558,0.0641162,0.14272,0.0487891,0.0853369,0.0217444,0.0242511,0.00510483,0.0028236,0.000274087",2.0,,,
board,2026-08-15T23:10:49+00:00,2026-08-15,pointsbet:2848379,pointsbet:2848379,atp-cincinnati,2026-08-16,ATP Cincinnati,Humbert U.,Zheng M.,HH26,Z0BZ,3,total_games,21.5,over,over 21.5,pointsbet,1.53,0.6056701030927835,0.5537407493118442,-0.09985402192998583,-0.051929353780939214,,0.0,0.0,,,,,"board, as_of 2026-08-15, book pointsbet",11,"0.02,0,0,0,0.0226956,0.034675,0.0823721,0.0632328,0.0896954,0.0722616,0.0613268,0.0803256,0.0596652,0.0117429,0.0467488,0.0390914,0.031214,0.0333793,0.0397248,0.0362023,0.0449782,0.0390022,0.0261929,0.0188264,0.0237907,0.00285619",22.0,,,
board,2026-08-15T23:10:49+00:00,2026-08-15,pointsbet:2848379,pointsbet:2848379,atp-cincinnati,2026-08-16,ATP Cincinnati,Humbert U.,Zheng M.,HH26,Z0BZ,3,games_handicap,-1.5,home,A +1.5,pointsbet,2.0,0.46091644204851756,0.569348307701167,0.06934830770116696,0.1084318656526494,,0.0,0.0,,,,,"board, as_of 2026-08-15, book pointsbet",-12,"5.32715e-05,0.000233811,0.0019006,0.00257983,0.014511,0.012038,0.0556501,0.0312126,0.104348,0.0483156,0.0575849,0.0284814,0.0333884,0.0403544,0.042146,0.105448,0.0675451,0.153574,0.0512428,0.0918504,0.0228489,0.0260502,0.00536595,0.00299261,0.000284241",3.0,,,
board,2026-08-15T23:10:49+00:00,2026-08-15,pointsbet:2848380,pointsbet:2848380,atp-cincinnati,2026-08-16,ATP Cincinnati,Trungelliti M.,Medvedev D.,TA29,MM58,3,total_games,19.5,over,over 19.5,pointsbet,1.67,0.557029177718833,0.5563868393331741,-0.042415555876406774,-0.0006423383856588583,,0.0,0.0,,,,,"board, as_of 2026-08-15, book pointsbet",11,"0.02,0,0,0.0247452,0.0365933,0.100916,0.0527544,0.143387,0.0652175,0.110926,0.0464948,0.0744026,0.0471947,0.0129073,0.0232564,0.0332183,0.0192452,0.031043,0.0235717,0.031543,0.0245887,0.0276584,0.0141649,0.012229,0.0039425",20.0,,,
board,2026-08-15T23:10:49+00:00,2026-08-15,pointsbet:2848380,pointsbet:2848380,atp-cincinnati,2026-08-16,ATP Cincinnati,Trungelliti M.,Medvedev D.,TA29,MM58,3,games_handicap,4.5,home,A -4.5,pointsbet,2.1,0.44297082228116713,0.4786938467967567,0.0025033706062805305,0.03572302451558956,,0.0,0.0,,,,,"board, as_of 2026-08-15, book pointsbet",-12,"0.00204249,0.00692297,0.0309042,0.0335662,0.105244,0.070925,0.187175,0.0845259,0.173035,0.0618499,0.0527311,0.0220872,0.0206429,0.020394,0.0163061,0.0341999,0.0178392,0.0336977,0.00850277,0.012586,0.0022445,0.00211879,0.000306074,0.000143218,9.33804e-06",-5.0,,,
board,2026-08-15T23:10:49+00:00,2026-08-15,pointsbet:2848457,pointsbet:2848457,atp-cincinnati,2026-08-16,ATP Cincinnati,Merida Aguilar D.,Bergs Z.,M0N7,BU13,3,total_games,21.5,over,over 21.5,pointsbet,1.53,0.6056701030927835,0.550398502695141,-0.10319626854668906,-0.05527160039764245,,0.0,0.0,,,,,"board, as_of 2026-08-15, book pointsbet",11,"0.02,0,0,0,0.0230831,0.0408904,0.0762313,0.0722943,0.0808154,0.0777337,0.0585533,0.0780854,0.0549194,0.0141498,0.0475945,0.0401053,0.033127,0.0371107,0.0408031,0.0391397,0.043332,0.0383328,0.0247181,0.0182808,0.0206999",22.0,,,
board,2026-08-15T23:10:49+00:00,2026-08-15,pointsbet:2848457,pointsbet:2848457,atp-cincinnati,2026-08-16,ATP Cincinnati,Merida Aguilar D.,Bergs Z.,M0N7,BU13,3,games_handicap,-1.5,home,A +1.5,pointsbet,1.9,0.4822888283378746,0.5008873300178438,-0.02542845945584038,0.01859850167996918,,0.0,0.0,,,,,"board, as_of 2026-08-15, book pointsbet",-12,"0.000136,0.000566991,0.00382229,0.00504689,0.0236101,0.0194296,0.0741859,0.0411087,0.116672,0.0523048,0.0593818,0.0298672,0.0336138,0.0393665,0.0386543,0.0930302,0.0606257,0.131819,0.0464435,0.0791411,0.0207398,0.0226063,0.00487988,0.00267962,0.000267443",2.0,,,
board,2026-08-15T23:10:49+00:00,2026-08-15,pointsbet:2848485,pointsbet:2848485,atp-cincinnati,2026-08-16,ATP Cincinnati,Shelton B.,Faria J.,S0S1,F0F2,3,total_games,20.5,over,over 20.5,pointsbet,1.56,0.5958549222797926,0.5448290204867327,-0.09619662053890832,-0.05102590179305999,,0.0,0.0,,,,,"board, as_of 2026-08-15, book pointsbet",11,"0.02,0,0,0,0.0438122,0.0345534,0.122159,0.0380926,0.145485,0.0510689,0.0732809,0.0803957,0.0667069,0.0149167,0.02871,0.0334262,0.0215362,0.0175136,0.0299013,0.0208027,0.0392042,0.0286001,0.0241891,0.0151042,0.0250939,0.00544734",21.0,,,
board,2026-08-15T23:10:49+00:00,2026-08-15,pointsbet:2848485,pointsbet:2848485,atp-cincinnati,2026-08-16,ATP Cincinnati,Shelton B.,Faria J.,S0S1,F0F2,3,games_handicap,-4.5,home,A +4.5,pointsbet,1.95,0.4715447154471546,0.5319887457817616,0.0191682329612487,0.06044403033460699,,0.0,0.0,,,,,"board, as_of 2026-08-15, book pointsbet",-12,"1.56315e-06,7.93238e-06,0.000116095,0.000172502,0.00173493,0.00152727,0.0129495,0.0080656,0.045873,0.0256272,0.0353666,0.0179817,0.0236738,0.0330309,0.0462548,0.128001,0.0876266,0.222456,0.071245,0.144845,0.0347245,0.0441384,0.00887295,0.00522075,0.000486419",5.0,,,
board,2026-08-15T23:10:49+00:00,2026-08-15,pointsbet:2848551,pointsbet:2848551,atp-cincinnati,2026-08-16,ATP Cincinnati,Nakashima B.,Kovacevic A.,N0AE,K0AZ,3,total_games,22.5,over,over 22.5,pointsbet,1.8,0.5135135135135135,0.5059744603132188,-0.04958109524233678,-0.0075390532002946875,,0.0,0.0,,,,,"board, as_of 2026-08-15, book pointsbet",11,"0.02,0,0,0,0.00488541,0.0161377,0.0796793,0.034065,0.126046,0.038988,0.0708523,0.103372,0.0963889,0.00579689,0.0368292,0.0675732,0.0148232,0.013821,0.0247773,0.0183424,0.0432065,0.035983,0.031392,0.0202552,0.0428082,0.027485,0.00278449,0.00370807",23.0,,,
board,2026-08-15T23:10:49+00:00,2026-08-15,pointsbet:2848551,pointsbet:2848551,atp-cincinnati,2026-08-16,ATP Cincinnati,Nakashima B.,Kovacevic A.,N0AE,K0AZ,3,games_handicap,-2.5,home,A +2.5,pointsbet,1.5,0.6153846153846154,0.6482563670377899,-0.018410299628876747,0.032871751653174464,,0.0,0.0,,,,,"board, as_of 2026-08-15, book pointsbet",-12,"6.68227e-07,3.48461e-06,6.46233e-05,9.67881e-05,0.00124947,0.0011052,0.0124243,0.00827513,0.0598716,0.038881,0.0533947,0.0262563,0.0322678,0.0453048,0.0725478,0.164744,0.097836,0.208612,0.0489163,0.0909611,0.0151296,0.0180843,0.00253028,0.00135461,8.80406e-05",3.0,,,
